Variable Name,Variable Description,Data File Name,Data File Description,Begin Year,EndYear,Component,Use Constraints
AIALANGA,Language of the MEC ACASI Interview Instrument,DEMO_H,Demographic Variables and Sample Weights,2013,2014,Demographics,None
DMDBORN4,In what country {were you/was SP} born?,DEMO_H,Demographic Variables and Sample Weights,2013,2014,Demographics,None
DMDCITZN,"{Are you/Is SP} a citizen of the United States? [Information about 
citizenship is being collected by the U.S. Public Health Service to perform 
health related research. Providing this information is voluntary and is 
collected under the authority of the Public Health Service Act. There will 
be no effect on pending immigration or citizenship petitions.]",DEMO_H,Demographic Variables and Sample Weights,2013,2014,Demographics,None
DMDEDUC2,"What is the highest grade or level of school {you have/SP has} completed or 
the highest degree {you have/s/he has} received?",DEMO_H,Demographic Variables and Sample Weights,2013,2014,Demographics,None
DMDEDUC3,"What is the highest grade or level of school {you have/SP has} completed or 
the highest degree {you have/s/he has} received?",DEMO_H,Demographic Variables and Sample Weights,2013,2014,Demographics,None
DMDFMSIZ,Total number of people in the Family,DEMO_H,Demographic Variables and Sample Weights,2013,2014,Demographics,None
DMDHHSIZ,Total number of people in the Household,DEMO_H,Demographic Variables and Sample Weights,2013,2014,Demographics,None
DMDHHSZA,Number of children aged 5 years or younger in the household,DEMO_H,Demographic Variables and Sample Weights,2013,2014,Demographics,None
DMDHHSZB,Number of children aged 6-17 years old in the household,DEMO_H,Demographic Variables and Sample Weights,2013,2014,Demographics,None
DMDHHSZE,Number of adults aged 60 years or older in the household,DEMO_H,Demographic Variables and Sample Weights,2013,2014,Demographics,None
DMDHRAGE,HH reference person's age in years,DEMO_H,Demographic Variables and Sample Weights,2013,2014,Demographics,None
DMDHRBR4,HH reference person's country of birth,DEMO_H,Demographic Variables and Sample Weights,2013,2014,Demographics,None
DMDHREDU,HH reference person's education level,DEMO_H,Demographic Variables and Sample Weights,2013,2014,Demographics,None
DMDHRGND,HH reference person's gender,DEMO_H,Demographic Variables and Sample Weights,2013,2014,Demographics,None
DMDHRMAR,HH reference person's marital status,DEMO_H,Demographic Variables and Sample Weights,2013,2014,Demographics,None
DMDHSEDU,HH reference person's spouse's education level,DEMO_H,Demographic Variables and Sample Weights,2013,2014,Demographics,None
DMDMARTL,Marital status,DEMO_H,Demographic Variables and Sample Weights,2013,2014,Demographics,None
DMDYRSUS,Length of time the participant has been in the US.,DEMO_H,Demographic Variables and Sample Weights,2013,2014,Demographics,None
DMQADFC,"Did {you/SP} ever serve in a foreign country during a time of armed 
conflict or on a humanitarian or peace-keeping mission? (This would include 
National Guard or reserve or active duty monitoring or conducting peace 
keeping operations in Bosnia and Kosovo, in the Sinai between Egypt and 
Israel, or in response to the 2004 tsunami or Haiti in 2010.)",DEMO_H,Demographic Variables and Sample Weights,2013,2014,Demographics,None
DMQMILIZ,"{Have you/Has SP} ever served on active duty in the U.S. Armed Forces, 
military Reserves, or National Guard? (Active duty does not include 
training for the Reserves or National Guard, but does include activation, 
for service in the U.S. or in a foreign country, in support of military or 
humanitarian operations.)",DEMO_H,Demographic Variables and Sample Weights,2013,2014,Demographics,None
FIAINTRP,Was an interpreter used to conduct the Family interview?,DEMO_H,Demographic Variables and Sample Weights,2013,2014,Demographics,None
FIALANG,Language of the Family Interview Instrument,DEMO_H,Demographic Variables and Sample Weights,2013,2014,Demographics,None
FIAPROXY,Was a Proxy respondent used in conducting the Family Interview?,DEMO_H,Demographic Variables and Sample Weights,2013,2014,Demographics,None
INDFMIN2,Total family income (reported as a range value in dollars),DEMO_H,Demographic Variables and Sample Weights,2013,2014,Demographics,None
INDFMPIR,A ratio of family income to poverty guidelines.,DEMO_H,Demographic Variables and Sample Weights,2013,2014,Demographics,None
INDHHIN2,Total household income (reported as a range value in dollars),DEMO_H,Demographic Variables and Sample Weights,2013,2014,Demographics,None
MIAINTRP,Was an interpreter used to conduct the MEC CAPI interview?,DEMO_H,Demographic Variables and Sample Weights,2013,2014,Demographics,None
MIALANG,Language of the MEC CAPI Interview Instrument,DEMO_H,Demographic Variables and Sample Weights,2013,2014,Demographics,None
MIAPROXY,Was a Proxy respondent used in conducting the MEC CAPI Interview?,DEMO_H,Demographic Variables and Sample Weights,2013,2014,Demographics,None
RIAGENDR,Gender of the participant.,DEMO_H,Demographic Variables and Sample Weights,2013,2014,Demographics,None
RIDAGEMN,"Age in months of the participant at the time of screening. Reported for 
persons aged 24 months or younger at the time of exam (or screening if not 
examined).",DEMO_H,Demographic Variables and Sample Weights,2013,2014,Demographics,None
RIDAGEYR,"Age in years of the participant at the time of screening. Individuals 80 
and over are topcoded at 80 years of age.",DEMO_H,Demographic Variables and Sample Weights,2013,2014,Demographics,None
RIDEXAGM,"Age in months of the participant at the time of examination. Reported for 
persons aged 19 years or younger at the time of examination.",DEMO_H,Demographic Variables and Sample Weights,2013,2014,Demographics,None
RIDEXMON,"Six month time period when the examination was performed - two categories: 
November 1 through April 30, May 1 through October 31.",DEMO_H,Demographic Variables and Sample Weights,2013,2014,Demographics,None
RIDEXPRG,"Pregnancy status for females between 20 and 44 years of age at the time of 
MEC exam.",DEMO_H,Demographic Variables and Sample Weights,2013,2014,Demographics,None
RIDRETH1,Recode of reported race and Hispanic origin information,DEMO_H,Demographic Variables and Sample Weights,2013,2014,Demographics,None
RIDRETH3,"Recode of reported race and Hispanic origin information, with Non-Hispanic 
Asian Category",DEMO_H,Demographic Variables and Sample Weights,2013,2014,Demographics,None
RIDSTATR,Interview and examination status of the participant.,DEMO_H,Demographic Variables and Sample Weights,2013,2014,Demographics,None
SDDSRVYR,Data release cycle,DEMO_H,Demographic Variables and Sample Weights,2013,2014,Demographics,None
SDMVPSU,Masked variance unit pseudo-PSU variable for variance estimation,DEMO_H,Demographic Variables and Sample Weights,2013,2014,Demographics,None
SDMVSTRA,Masked variance unit pseudo-stratum variable for variance estimation,DEMO_H,Demographic Variables and Sample Weights,2013,2014,Demographics,None
SEQN,Respondent sequence number.,DEMO_H,Demographic Variables and Sample Weights,2013,2014,Demographics,None
SIAINTRP,Was an interpreter used to conduct the Sample Person (SP) interview?,DEMO_H,Demographic Variables and Sample Weights,2013,2014,Demographics,None
SIALANG,Language of the Sample Person Interview Instrument,DEMO_H,Demographic Variables and Sample Weights,2013,2014,Demographics,None
SIAPROXY,Was a Proxy respondent used in conducting the Sample Person (SP) interview?,DEMO_H,Demographic Variables and Sample Weights,2013,2014,Demographics,None
WTINT2YR,Full sample 2 year interview weight.,DEMO_H,Demographic Variables and Sample Weights,2013,2014,Demographics,None
WTMEC2YR,Full sample 2 year MEC exam weight.,DEMO_H,Demographic Variables and Sample Weights,2013,2014,Demographics,None
DMDBORN,In what country {were you/was SP} born?,LDEMO_EH,"Los Angeles County, California - Demographic Variables & Sample Weights",2007,2014,Demographics,RDC Only
DMDBORN2,,LDEMO_EH,"Los Angeles County, California - Demographic Variables & Sample Weights",2007,2014,Demographics,RDC Only
DMDCITZN,"{Are you/Is SP} a citizen of the United States? [Information about 
citizenship is being collected by the U.S. Public Health Service to perform 
health related research. Providing this information is voluntary and is 
collected under the authority of the Public Health Service Act. There will 
be no effect on pending immigration or citizenship petitions.]",LDEMO_EH,"Los Angeles County, California - Demographic Variables & Sample Weights",2007,2014,Demographics,RDC Only
DMDEDUC2,"What is the highest grade or level of school {you have/SP has} completed or 
the highest degree {you have/s/he has} received?",LDEMO_EH,"Los Angeles County, California - Demographic Variables & Sample Weights",2007,2014,Demographics,RDC Only
DMDEDUC3,"What is the highest grade or level of school {you have/SP has} completed or 
the highest degree {you have/s/he has} received?",LDEMO_EH,"Los Angeles County, California - Demographic Variables & Sample Weights",2007,2014,Demographics,RDC Only
DMDFMSIZ,Total number of people in the Family,LDEMO_EH,"Los Angeles County, California - Demographic Variables & Sample Weights",2007,2014,Demographics,RDC Only
DMDHHSIZ,Total number of people in the Household,LDEMO_EH,"Los Angeles County, California - Demographic Variables & Sample Weights",2007,2014,Demographics,RDC Only
DMDMARTL,Marital status,LDEMO_EH,"Los Angeles County, California - Demographic Variables & Sample Weights",2007,2014,Demographics,RDC Only
DMDYRSUS,Length of time the participant has been in the US.,LDEMO_EH,"Los Angeles County, California - Demographic Variables & Sample Weights",2007,2014,Demographics,RDC Only
INDFMIN2,Total family income (reported as a range value in dollars),LDEMO_EH,"Los Angeles County, California - Demographic Variables & Sample Weights",2007,2014,Demographics,RDC Only
INDFMPIR,A ratio of family income to poverty guidelines.,LDEMO_EH,"Los Angeles County, California - Demographic Variables & Sample Weights",2007,2014,Demographics,RDC Only
INDHHIN2,Total household income (reported as a range value in dollars),LDEMO_EH,"Los Angeles County, California - Demographic Variables & Sample Weights",2007,2014,Demographics,RDC Only
LATVPSU,Variance unit: PSU variable for variance estimation,LDEMO_EH,"Los Angeles County, California - Demographic Variables & Sample Weights",2007,2014,Demographics,RDC Only
LATVSTRA,Variance unit: stratum variable for variance estimation,LDEMO_EH,"Los Angeles County, California - Demographic Variables & Sample Weights",2007,2014,Demographics,RDC Only
RIAGENDR,Gender of the participant.,LDEMO_EH,"Los Angeles County, California - Demographic Variables & Sample Weights",2007,2014,Demographics,RDC Only
RIDAGEEX,"Age in years of the participant at the time of examination. Individuals 
aged 959 months and older are topcoded at 959 months.",LDEMO_EH,"Los Angeles County, California - Demographic Variables & Sample Weights",2007,2014,Demographics,RDC Only
RIDAGEMN,"Age in months of the participant at the time of screening. Individuals aged 
959 months and older are topcoded at 959 months.",LDEMO_EH,"Los Angeles County, California - Demographic Variables & Sample Weights",2007,2014,Demographics,RDC Only
RIDAGEYR,"Age in years of the participant at the time of screening. Individuals 80 
and over are topcoded at 80 years of age.",LDEMO_EH,"Los Angeles County, California - Demographic Variables & Sample Weights",2007,2014,Demographics,RDC Only
RIDEXPRG,"Pregnancy status for females between 20 and 44 years of age at the time of 
MEC exam.",LDEMO_EH,"Los Angeles County, California - Demographic Variables & Sample Weights",2007,2014,Demographics,RDC Only
RIDRETH1,Recode of reported race and Hispanic origin information,LDEMO_EH,"Los Angeles County, California - Demographic Variables & Sample Weights",2007,2014,Demographics,RDC Only
RIDSTATR,Interview and examination status of the participant.,LDEMO_EH,"Los Angeles County, California - Demographic Variables & Sample Weights",2007,2014,Demographics,RDC Only
SEQN,Respondent sequence number.,LDEMO_EH,"Los Angeles County, California - Demographic Variables & Sample Weights",2007,2014,Demographics,RDC Only
WTLAF8YR,"Subsample 8-year fasting weight for participants aged 12 years and older 
who were examined in the morning sessions in Los Angeles, California. A 
missing value indicates the participant was not included in the fasting 
subsample.",LDEMO_EH,"Los Angeles County, California - Demographic Variables & Sample Weights",2007,2014,Demographics,RDC Only
WTLAI8YR,"Full sample 8-year interview weight for participants in Los Angeles, 
California.",LDEMO_EH,"Los Angeles County, California - Demographic Variables & Sample Weights",2007,2014,Demographics,RDC Only
WTLAM8YR,"Full sample 8-year MEC exam weight for participants in Los Angeles, 
California.",LDEMO_EH,"Los Angeles County, California - Demographic Variables & Sample Weights",2007,2014,Demographics,RDC Only
WTLF8R01,"8-year fasting weight: Fay's-adjusted balanced repeated replication (Fay's 
BRR) weight 01 for fasting subsample in Los Angeles, California. A missing 
value indicates the participant was not included in the fasting subsample.",LDEMO_EH,"Los Angeles County, California - Demographic Variables & Sample Weights",2007,2014,Demographics,RDC Only
WTLF8R02,"8-year fasting weight: Fay's-adjusted balanced repeated replication (Fay's 
BRR) weight 02 for fasting subsample in Los Angeles, California. A missing 
value indicates the participant was not included in the fasting subsample.",LDEMO_EH,"Los Angeles County, California - Demographic Variables & Sample Weights",2007,2014,Demographics,RDC Only
WTLF8R03,"8-year fasting weight: Fay's-adjusted balanced repeated replication (Fay's 
BRR) weight 03 for fasting subsample in Los Angeles, California. A missing 
value indicates the participant was not included in the fasting subsample.",LDEMO_EH,"Los Angeles County, California - Demographic Variables & Sample Weights",2007,2014,Demographics,RDC Only
WTLF8R04,"8-year fasting weight: Fay's-adjusted balanced repeated replication (Fay's 
BRR) weight 04 for fasting subsample in Los Angeles, California. A missing 
value indicates the participant was not included in the fasting subsample.",LDEMO_EH,"Los Angeles County, California - Demographic Variables & Sample Weights",2007,2014,Demographics,RDC Only
WTLF8R05,"8-year fasting weight: Fay's-adjusted balanced repeated replication (Fay's 
BRR) weight 05 for fasting subsample in Los Angeles, California. A missing 
value indicates the participant was not included in the fasting subsample.",LDEMO_EH,"Los Angeles County, California - Demographic Variables & Sample Weights",2007,2014,Demographics,RDC Only
WTLF8R06,"8-year fasting weight: Fay's-adjusted balanced repeated replication (Fay's 
BRR) weight 06 for fasting subsample in Los Angeles, California. A missing 
value indicates the participant was not included in the fasting subsample.",LDEMO_EH,"Los Angeles County, California - Demographic Variables & Sample Weights",2007,2014,Demographics,RDC Only
WTLF8R07,"8-year fasting weight: Fay's-adjusted balanced repeated replication (Fay's 
BRR) weight 07 for fasting subsample in Los Angeles, California. A missing 
value indicates the participant was not included in the fasting subsample.",LDEMO_EH,"Los Angeles County, California - Demographic Variables & Sample Weights",2007,2014,Demographics,RDC Only
WTLF8R08,"8-year fasting weight: Fay's-adjusted balanced repeated replication (Fay's 
BRR) weight 08 for fasting subsample in Los Angeles, California. A missing 
value indicates the participant was not included in the fasting subsample.",LDEMO_EH,"Los Angeles County, California - Demographic Variables & Sample Weights",2007,2014,Demographics,RDC Only
WTLF8R09,"8-year fasting weight: Fay's-adjusted balanced repeated replication (Fay's 
BRR) weight 09 for fasting subsample in Los Angeles, California. A missing 
value indicates the participant was not included in the fasting subsample.",LDEMO_EH,"Los Angeles County, California - Demographic Variables & Sample Weights",2007,2014,Demographics,RDC Only
WTLF8R10,"8-year fasting weight: Fay's-adjusted balanced repeated replication (Fay's 
BRR) weight 10 for fasting subsample in Los Angeles, California. A missing 
value indicates the participant was not included in the fasting subsample.",LDEMO_EH,"Los Angeles County, California - Demographic Variables & Sample Weights",2007,2014,Demographics,RDC Only
WTLF8R11,"8-year fasting weight: Fay's-adjusted balanced repeated replication (Fay's 
BRR) weight 11 for fasting subsample in Los Angeles, California. A missing 
value indicates the participant was not included in the fasting subsample.",LDEMO_EH,"Los Angeles County, California - Demographic Variables & Sample Weights",2007,2014,Demographics,RDC Only
WTLF8R12,"8-year fasting weight: Fay's-adjusted balanced repeated replication (Fay's 
BRR) weight 12 for fasting subsample in Los Angeles, California. A missing 
value indicates the participant was not included in the fasting subsample.",LDEMO_EH,"Los Angeles County, California - Demographic Variables & Sample Weights",2007,2014,Demographics,RDC Only
WTLF8R13,"8-year fasting weight: Fay's-adjusted balanced repeated replication (Fay's 
BRR) weight 13 for fasting subsample in Los Angeles, California. A missing 
value indicates the participant was not included in the fasting subsample.",LDEMO_EH,"Los Angeles County, California - Demographic Variables & Sample Weights",2007,2014,Demographics,RDC Only
WTLF8R14,"8-year fasting weight: Fay's-adjusted balanced repeated replication (Fay's 
BRR) weight 14 for fasting subsample in Los Angeles, California. A missing 
value indicates the participant was not included in the fasting subsample.",LDEMO_EH,"Los Angeles County, California - Demographic Variables & Sample Weights",2007,2014,Demographics,RDC Only
WTLF8R15,"8-year fasting weight: Fay's-adjusted balanced repeated replication (Fay's 
BRR) weight 15 for fasting subsample in Los Angeles, California. A missing 
value indicates the participant was not included in the fasting subsample.",LDEMO_EH,"Los Angeles County, California - Demographic Variables & Sample Weights",2007,2014,Demographics,RDC Only
WTLF8R16,"8-year fasting weight: Fay's-adjusted balanced repeated replication (Fay's 
BRR) weight 16 for fasting subsample in Los Angeles, California. A missing 
value indicates the participant was not included in the fasting subsample.",LDEMO_EH,"Los Angeles County, California - Demographic Variables & Sample Weights",2007,2014,Demographics,RDC Only
WTLF8R17,"8-year fasting weight: Fay's-adjusted balanced repeated replication (Fay's 
BRR) weight 17 for fasting subsample in Los Angeles, California. A missing 
value indicates the participant was not included in the fasting subsample.",LDEMO_EH,"Los Angeles County, California - Demographic Variables & Sample Weights",2007,2014,Demographics,RDC Only
WTLF8R18,"8-year fasting weight: Fay's-adjusted balanced repeated replication (Fay's 
BRR) weight 18 for fasting subsample in Los Angeles, California. A missing 
value indicates the participant was not included in the fasting subsample.",LDEMO_EH,"Los Angeles County, California - Demographic Variables & Sample Weights",2007,2014,Demographics,RDC Only
WTLF8R19,"8-year fasting weight: Fay's-adjusted balanced repeated replication (Fay's 
BRR) weight 19 for fasting subsample in Los Angeles, California. A missing 
value indicates the participant was not included in the fasting subsample.",LDEMO_EH,"Los Angeles County, California - Demographic Variables & Sample Weights",2007,2014,Demographics,RDC Only
WTLF8R20,"8-year fasting weight: Fay's-adjusted balanced repeated replication (Fay's 
BRR) weight 20 for fasting subsample in Los Angeles, California. A missing 
value indicates the participant was not included in the fasting subsample.",LDEMO_EH,"Los Angeles County, California - Demographic Variables & Sample Weights",2007,2014,Demographics,RDC Only
WTLF8R21,"8-year fasting weight: Fay's-adjusted balanced repeated replication (Fay's 
BRR) weight 21 for fasting subsample in Los Angeles, California. A missing 
value indicates the participant was not included in the fasting subsample.",LDEMO_EH,"Los Angeles County, California - Demographic Variables & Sample Weights",2007,2014,Demographics,RDC Only
WTLF8R22,"8-year fasting weight: Fay's-adjusted balanced repeated replication (Fay's 
BRR) weight 22 for fasting subsample in Los Angeles, California. A missing 
value indicates the participant was not included in the fasting subsample.",LDEMO_EH,"Los Angeles County, California - Demographic Variables & Sample Weights",2007,2014,Demographics,RDC Only
WTLF8R23,"8-year fasting weight: Fay's-adjusted balanced repeated replication (Fay's 
BRR) weight 23 for fasting subsample in Los Angeles, California. A missing 
value indicates the participant was not included in the fasting subsample.",LDEMO_EH,"Los Angeles County, California - Demographic Variables & Sample Weights",2007,2014,Demographics,RDC Only
WTLF8R24,"8-year fasting weight: Fay's-adjusted balanced repeated replication (Fay's 
BRR) weight 24 for fasting subsample in Los Angeles, California. A missing 
value indicates the participant was not included in the fasting subsample.",LDEMO_EH,"Los Angeles County, California - Demographic Variables & Sample Weights",2007,2014,Demographics,RDC Only
WTLF8R25,"8-year fasting weight: Fay's-adjusted balanced repeated replication (Fay's 
BRR) weight 25 for fasting subsample in Los Angeles, California. A missing 
value indicates the participant was not included in the fasting subsample.",LDEMO_EH,"Los Angeles County, California - Demographic Variables & Sample Weights",2007,2014,Demographics,RDC Only
WTLF8R26,"8-year fasting weight: Fay's-adjusted balanced repeated replication (Fay's 
BRR) weight 26 for fasting subsample in Los Angeles, California. A missing 
value indicates the participant was not included in the fasting subsample.",LDEMO_EH,"Los Angeles County, California - Demographic Variables & Sample Weights",2007,2014,Demographics,RDC Only
WTLF8R27,"8-year fasting weight: Fay's-adjusted balanced repeated replication (Fay's 
BRR) weight 27 for fasting subsample in Los Angeles, California. A missing 
value indicates the participant was not included in the fasting subsample.",LDEMO_EH,"Los Angeles County, California - Demographic Variables & Sample Weights",2007,2014,Demographics,RDC Only
WTLF8R28,"8-year fasting weight: Fay's-adjusted balanced repeated replication (Fay's 
BRR) weight 28 for fasting subsample in Los Angeles, California. A missing 
value indicates the participant was not included in the fasting subsample.",LDEMO_EH,"Los Angeles County, California - Demographic Variables & Sample Weights",2007,2014,Demographics,RDC Only
WTLF8R29,"8-year fasting weight: Fay's-adjusted balanced repeated replication (Fay's 
BRR) weight 29 for fasting subsample in Los Angeles, California. A missing 
value indicates the participant was not included in the fasting subsample.",LDEMO_EH,"Los Angeles County, California - Demographic Variables & Sample Weights",2007,2014,Demographics,RDC Only
WTLF8R30,"8-year fasting weight: Fay's-adjusted balanced repeated replication (Fay's 
BRR) weight 30 for fasting subsample in Los Angeles, California. A missing 
value indicates the participant was not included in the fasting subsample.",LDEMO_EH,"Los Angeles County, California - Demographic Variables & Sample Weights",2007,2014,Demographics,RDC Only
WTLF8R31,"8-year fasting weight: Fay's-adjusted balanced repeated replication (Fay's 
BRR) weight 31 for fasting subsample in Los Angeles, California. A missing 
value indicates the participant was not included in the fasting subsample.",LDEMO_EH,"Los Angeles County, California - Demographic Variables & Sample Weights",2007,2014,Demographics,RDC Only
WTLF8R32,"8-year fasting weight: Fay's-adjusted balanced repeated replication (Fay's 
BRR) weight 32 for fasting subsample in Los Angeles, California. A missing 
value indicates the participant was not included in the fasting subsample.",LDEMO_EH,"Los Angeles County, California - Demographic Variables & Sample Weights",2007,2014,Demographics,RDC Only
WTLF8R33,"8-year fasting weight: Fay's-adjusted balanced repeated replication (Fay's 
BRR) weight 33 for fasting subsample in Los Angeles, California. A missing 
value indicates the participant was not included in the fasting subsample.",LDEMO_EH,"Los Angeles County, California - Demographic Variables & Sample Weights",2007,2014,Demographics,RDC Only
WTLF8R34,"8-year fasting weight: Fay's-adjusted balanced repeated replication (Fay's 
BRR) weight 34 for fasting subsample in Los Angeles, California. A missing 
value indicates the participant was not included in the fasting subsample.",LDEMO_EH,"Los Angeles County, California - Demographic Variables & Sample Weights",2007,2014,Demographics,RDC Only
WTLF8R35,"8-year fasting weight: Fay's-adjusted balanced repeated replication (Fay's 
BRR) weight 35 for fasting subsample in Los Angeles, California. A missing 
value indicates the participant was not included in the fasting subsample.",LDEMO_EH,"Los Angeles County, California - Demographic Variables & Sample Weights",2007,2014,Demographics,RDC Only
WTLF8R36,"8-year fasting weight: Fay's-adjusted balanced repeated replication (Fay's 
BRR) weight 36 for fasting subsample in Los Angeles, California. A missing 
value indicates the participant was not included in the fasting subsample.",LDEMO_EH,"Los Angeles County, California - Demographic Variables & Sample Weights",2007,2014,Demographics,RDC Only
WTLF8R37,"8-year fasting weight: Fay's-adjusted balanced repeated replication (Fay's 
BRR) weight 37 for fasting subsample in Los Angeles, California. A missing 
value indicates the participant was not included in the fasting subsample.",LDEMO_EH,"Los Angeles County, California - Demographic Variables & Sample Weights",2007,2014,Demographics,RDC Only
WTLF8R38,"8-year fasting weight: Fay's-adjusted balanced repeated replication (Fay's 
BRR) weight 38 for fasting subsample in Los Angeles, California. A missing 
value indicates the participant was not included in the fasting subsample.",LDEMO_EH,"Los Angeles County, California - Demographic Variables & Sample Weights",2007,2014,Demographics,RDC Only
WTLF8R39,"8-year fasting weight: Fay's-adjusted balanced repeated replication (Fay's 
BRR) weight 39 for fasting subsample in Los Angeles, California. A missing 
value indicates the participant was not included in the fasting subsample.",LDEMO_EH,"Los Angeles County, California - Demographic Variables & Sample Weights",2007,2014,Demographics,RDC Only
WTLF8R40,"8-year fasting weight: Fay's-adjusted balanced repeated replication (Fay's 
BRR) weight 40 for fasting subsample in Los Angeles, California. A missing 
value indicates the participant was not included in the fasting subsample.",LDEMO_EH,"Los Angeles County, California - Demographic Variables & Sample Weights",2007,2014,Demographics,RDC Only
WTLF8R41,"8-year fasting weight: Fay's-adjusted balanced repeated replication (Fay's 
BRR) weight 41 for fasting subsample in Los Angeles, California. A missing 
value indicates the participant was not included in the fasting subsample.",LDEMO_EH,"Los Angeles County, California - Demographic Variables & Sample Weights",2007,2014,Demographics,RDC Only
WTLF8R42,"8-year fasting weight: Fay's-adjusted balanced repeated replication (Fay's 
BRR) weight 42 for fasting subsample in Los Angeles, California. A missing 
value indicates the participant was not included in the fasting subsample.",LDEMO_EH,"Los Angeles County, California - Demographic Variables & Sample Weights",2007,2014,Demographics,RDC Only
WTLF8R43,"8-year fasting weight: Fay's-adjusted balanced repeated replication (Fay's 
BRR) weight 43 for fasting subsample in Los Angeles, California. A missing 
value indicates the participant was not included in the fasting subsample.",LDEMO_EH,"Los Angeles County, California - Demographic Variables & Sample Weights",2007,2014,Demographics,RDC Only
WTLF8R44,"8-year fasting weight: Fay's-adjusted balanced repeated replication (Fay's 
BRR) weight 44 for fasting subsample in Los Angeles, California. A missing 
value indicates the participant was not included in the fasting subsample.",LDEMO_EH,"Los Angeles County, California - Demographic Variables & Sample Weights",2007,2014,Demographics,RDC Only
WTLF8R45,"8-year fasting weight: Fay's-adjusted balanced repeated replication (Fay's 
BRR) weight 45 for fasting subsample in Los Angeles, California. A missing 
value indicates the participant was not included in the fasting subsample.",LDEMO_EH,"Los Angeles County, California - Demographic Variables & Sample Weights",2007,2014,Demographics,RDC Only
WTLF8R46,"8-year fasting weight: Fay's-adjusted balanced repeated replication (Fay's 
BRR) weight 46 for fasting subsample in Los Angeles, California. A missing 
value indicates the participant was not included in the fasting subsample.",LDEMO_EH,"Los Angeles County, California - Demographic Variables & Sample Weights",2007,2014,Demographics,RDC Only
WTLF8R47,"8-year fasting weight: Fay's-adjusted balanced repeated replication (Fay's 
BRR) weight 47 for fasting subsample in Los Angeles, California. A missing 
value indicates the participant was not included in the fasting subsample.",LDEMO_EH,"Los Angeles County, California - Demographic Variables & Sample Weights",2007,2014,Demographics,RDC Only
WTLF8R48,"8-year fasting weight: Fay's-adjusted balanced repeated replication (Fay's 
BRR) weight 48 for fasting subsample in Los Angeles, California. A missing 
value indicates the participant was not included in the fasting subsample.",LDEMO_EH,"Los Angeles County, California - Demographic Variables & Sample Weights",2007,2014,Demographics,RDC Only
WTLI8R01,"8-year interview weight: Fay's-adjusted balanced repeated replication 
(Fay's BRR) weight 01 for participants in Los Angeles, California.",LDEMO_EH,"Los Angeles County, California - Demographic Variables & Sample Weights",2007,2014,Demographics,RDC Only
WTLI8R02,"8-year interview weight: Fay's-adjusted balanced repeated replication 
(Fay's BRR) weight 02 for participants in Los Angeles, California.",LDEMO_EH,"Los Angeles County, California - Demographic Variables & Sample Weights",2007,2014,Demographics,RDC Only
WTLI8R03,"8-year interview weight: Fay's-adjusted balanced repeated replication 
(Fay's BRR) weight 03 for participants in Los Angeles, California.",LDEMO_EH,"Los Angeles County, California - Demographic Variables & Sample Weights",2007,2014,Demographics,RDC Only
WTLI8R04,"8-year interview weight: Fay's-adjusted balanced repeated replication 
(Fay's BRR) weight 04 for participants in Los Angeles, California.",LDEMO_EH,"Los Angeles County, California - Demographic Variables & Sample Weights",2007,2014,Demographics,RDC Only
WTLI8R05,"8-year interview weight: Fay's-adjusted balanced repeated replication 
(Fay's BRR) weight 05 for participants in Los Angeles, California.",LDEMO_EH,"Los Angeles County, California - Demographic Variables & Sample Weights",2007,2014,Demographics,RDC Only
WTLI8R06,"8-year interview weight: Fay's-adjusted balanced repeated replication 
(Fay's BRR) weight 06 for participants in Los Angeles, California.",LDEMO_EH,"Los Angeles County, California - Demographic Variables & Sample Weights",2007,2014,Demographics,RDC Only
WTLI8R07,"8-year interview weight: Fay's-adjusted balanced repeated replication 
(Fay's BRR) weight 07 for participants in Los Angeles, California.",LDEMO_EH,"Los Angeles County, California - Demographic Variables & Sample Weights",2007,2014,Demographics,RDC Only
WTLI8R08,"8-year interview weight: Fay's-adjusted balanced repeated replication 
(Fay's BRR) weight 08 for participants in Los Angeles, California.",LDEMO_EH,"Los Angeles County, California - Demographic Variables & Sample Weights",2007,2014,Demographics,RDC Only
WTLI8R09,"8-year interview weight: Fay's-adjusted balanced repeated replication 
(Fay's BRR) weight 09 for participants in Los Angeles, California.",LDEMO_EH,"Los Angeles County, California - Demographic Variables & Sample Weights",2007,2014,Demographics,RDC Only
WTLI8R10,"8-year interview weight: Fay's-adjusted balanced repeated replication 
(Fay's BRR) weight 10 for participants in Los Angeles, California.",LDEMO_EH,"Los Angeles County, California - Demographic Variables & Sample Weights",2007,2014,Demographics,RDC Only
WTLI8R11,"8-year interview weight: Fay's-adjusted balanced repeated replication 
(Fay's BRR) weight 11 for participants in Los Angeles, California.",LDEMO_EH,"Los Angeles County, California - Demographic Variables & Sample Weights",2007,2014,Demographics,RDC Only
WTLI8R12,"8-year interview weight: Fay's-adjusted balanced repeated replication 
(Fay's BRR) weight 12 for participants in Los Angeles, California.",LDEMO_EH,"Los Angeles County, California - Demographic Variables & Sample Weights",2007,2014,Demographics,RDC Only
WTLI8R13,"8-year interview weight: Fay's-adjusted balanced repeated replication 
(Fay's BRR) weight 13 for participants in Los Angeles, California.",LDEMO_EH,"Los Angeles County, California - Demographic Variables & Sample Weights",2007,2014,Demographics,RDC Only
WTLI8R14,"8-year interview weight: Fay's-adjusted balanced repeated replication 
(Fay's BRR) weight 14 for participants in Los Angeles, California.",LDEMO_EH,"Los Angeles County, California - Demographic Variables & Sample Weights",2007,2014,Demographics,RDC Only
WTLI8R15,"8-year interview weight: Fay's-adjusted balanced repeated replication 
(Fay's BRR) weight 15 for participants in Los Angeles, California.",LDEMO_EH,"Los Angeles County, California - Demographic Variables & Sample Weights",2007,2014,Demographics,RDC Only
WTLI8R16,"8-year interview weight: Fay's-adjusted balanced repeated replication 
(Fay's BRR) weight 16 for participants in Los Angeles, California.",LDEMO_EH,"Los Angeles County, California - Demographic Variables & Sample Weights",2007,2014,Demographics,RDC Only
WTLI8R17,"8-year interview weight: Fay's-adjusted balanced repeated replication 
(Fay's BRR) weight 17 for participants in Los Angeles, California.",LDEMO_EH,"Los Angeles County, California - Demographic Variables & Sample Weights",2007,2014,Demographics,RDC Only
WTLI8R18,"8-year interview weight: Fay's-adjusted balanced repeated replication 
(Fay's BRR) weight 18 for participants in Los Angeles, California.",LDEMO_EH,"Los Angeles County, California - Demographic Variables & Sample Weights",2007,2014,Demographics,RDC Only
WTLI8R19,"8-year interview weight: Fay's-adjusted balanced repeated replication 
(Fay's BRR) weight 19 for participants in Los Angeles, California.",LDEMO_EH,"Los Angeles County, California - Demographic Variables & Sample Weights",2007,2014,Demographics,RDC Only
WTLI8R20,"8-year interview weight: Fay's-adjusted balanced repeated replication 
(Fay's BRR) weight 20 for participants in Los Angeles, California.",LDEMO_EH,"Los Angeles County, California - Demographic Variables & Sample Weights",2007,2014,Demographics,RDC Only
WTLI8R21,"8-year interview weight: Fay's-adjusted balanced repeated replication 
(Fay's BRR) weight 21 for participants in Los Angeles, California.",LDEMO_EH,"Los Angeles County, California - Demographic Variables & Sample Weights",2007,2014,Demographics,RDC Only
WTLI8R22,"8-year interview weight: Fay's-adjusted balanced repeated replication 
(Fay's BRR) weight 22 for participants in Los Angeles, California.",LDEMO_EH,"Los Angeles County, California - Demographic Variables & Sample Weights",2007,2014,Demographics,RDC Only
WTLI8R23,"8-year interview weight: Fay's-adjusted balanced repeated replication 
(Fay's BRR) weight 23 for participants in Los Angeles, California.",LDEMO_EH,"Los Angeles County, California - Demographic Variables & Sample Weights",2007,2014,Demographics,RDC Only
WTLI8R24,"8-year interview weight: Fay's-adjusted balanced repeated replication 
(Fay's BRR) weight 24 for participants in Los Angeles, California.",LDEMO_EH,"Los Angeles County, California - Demographic Variables & Sample Weights",2007,2014,Demographics,RDC Only
WTLI8R25,"8-year interview weight: Fay's-adjusted balanced repeated replication 
(Fay's BRR) weight 25 for participants in Los Angeles, California.",LDEMO_EH,"Los Angeles County, California - Demographic Variables & Sample Weights",2007,2014,Demographics,RDC Only
WTLI8R26,"8-year interview weight: Fay's-adjusted balanced repeated replication 
(Fay's BRR) weight 26 for participants in Los Angeles, California.",LDEMO_EH,"Los Angeles County, California - Demographic Variables & Sample Weights",2007,2014,Demographics,RDC Only
WTLI8R27,"8-year interview weight: Fay's-adjusted balanced repeated replication 
(Fay's BRR) weight 27 for participants in Los Angeles, California.",LDEMO_EH,"Los Angeles County, California - Demographic Variables & Sample Weights",2007,2014,Demographics,RDC Only
WTLI8R28,"8-year interview weight: Fay's-adjusted balanced repeated replication 
(Fay's BRR) weight 28 for participants in Los Angeles, California.",LDEMO_EH,"Los Angeles County, California - Demographic Variables & Sample Weights",2007,2014,Demographics,RDC Only
WTLI8R29,"8-year interview weight: Fay's-adjusted balanced repeated replication 
(Fay's BRR) weight 29 for participants in Los Angeles, California.",LDEMO_EH,"Los Angeles County, California - Demographic Variables & Sample Weights",2007,2014,Demographics,RDC Only
WTLI8R30,"8-year interview weight: Fay's-adjusted balanced repeated replication 
(Fay's BRR) weight 30 for participants in Los Angeles, California.",LDEMO_EH,"Los Angeles County, California - Demographic Variables & Sample Weights",2007,2014,Demographics,RDC Only
WTLI8R31,"8-year interview weight: Fay's-adjusted balanced repeated replication 
(Fay's BRR) weight 31 for participants in Los Angeles, California.",LDEMO_EH,"Los Angeles County, California - Demographic Variables & Sample Weights",2007,2014,Demographics,RDC Only
WTLI8R32,"8-year interview weight: Fay's-adjusted balanced repeated replication 
(Fay's BRR) weight 32 for participants in Los Angeles, California.",LDEMO_EH,"Los Angeles County, California - Demographic Variables & Sample Weights",2007,2014,Demographics,RDC Only
WTLI8R33,"8-year interview weight: Fay's-adjusted balanced repeated replication 
(Fay's BRR) weight 33 for participants in Los Angeles, California.",LDEMO_EH,"Los Angeles County, California - Demographic Variables & Sample Weights",2007,2014,Demographics,RDC Only
WTLI8R34,"8-year interview weight: Fay's-adjusted balanced repeated replication 
(Fay's BRR) weight 34 for participants in Los Angeles, California.",LDEMO_EH,"Los Angeles County, California - Demographic Variables & Sample Weights",2007,2014,Demographics,RDC Only
WTLI8R35,"8-year interview weight: Fay's-adjusted balanced repeated replication 
(Fay's BRR) weight 35 for participants in Los Angeles, California.",LDEMO_EH,"Los Angeles County, California - Demographic Variables & Sample Weights",2007,2014,Demographics,RDC Only
WTLI8R36,"8-year interview weight: Fay's-adjusted balanced repeated replication 
(Fay's BRR) weight 36 for participants in Los Angeles, California.",LDEMO_EH,"Los Angeles County, California - Demographic Variables & Sample Weights",2007,2014,Demographics,RDC Only
WTLI8R37,"8-year interview weight: Fay's-adjusted balanced repeated replication 
(Fay's BRR) weight 37 for participants in Los Angeles, California.",LDEMO_EH,"Los Angeles County, California - Demographic Variables & Sample Weights",2007,2014,Demographics,RDC Only
WTLI8R38,"8-year interview weight: Fay's-adjusted balanced repeated replication 
(Fay's BRR) weight 38 for participants in Los Angeles, California.",LDEMO_EH,"Los Angeles County, California - Demographic Variables & Sample Weights",2007,2014,Demographics,RDC Only
WTLI8R39,"8-year interview weight: Fay's-adjusted balanced repeated replication 
(Fay's BRR) weight 39 for participants in Los Angeles, California.",LDEMO_EH,"Los Angeles County, California - Demographic Variables & Sample Weights",2007,2014,Demographics,RDC Only
WTLI8R40,"8-year interview weight: Fay's-adjusted balanced repeated replication 
(Fay's BRR) weight 40 for participants in Los Angeles, California.",LDEMO_EH,"Los Angeles County, California - Demographic Variables & Sample Weights",2007,2014,Demographics,RDC Only
WTLI8R41,"8-year interview weight: Fay's-adjusted balanced repeated replication 
(Fay's BRR) weight 41 for participants in Los Angeles, California.",LDEMO_EH,"Los Angeles County, California - Demographic Variables & Sample Weights",2007,2014,Demographics,RDC Only
WTLI8R42,"8-year interview weight: Fay's-adjusted balanced repeated replication 
(Fay's BRR) weight 42 for participants in Los Angeles, California.",LDEMO_EH,"Los Angeles County, California - Demographic Variables & Sample Weights",2007,2014,Demographics,RDC Only
WTLI8R43,"8-year interview weight: Fay's-adjusted balanced repeated replication 
(Fay's BRR) weight 43 for participants in Los Angeles, California.",LDEMO_EH,"Los Angeles County, California - Demographic Variables & Sample Weights",2007,2014,Demographics,RDC Only
WTLI8R44,"8-year interview weight: Fay's-adjusted balanced repeated replication 
(Fay's BRR) weight 44 for participants in Los Angeles, California.",LDEMO_EH,"Los Angeles County, California - Demographic Variables & Sample Weights",2007,2014,Demographics,RDC Only
WTLI8R45,"8-year interview weight: Fay's-adjusted balanced repeated replication 
(Fay's BRR) weight 45 for participants in Los Angeles, California.",LDEMO_EH,"Los Angeles County, California - Demographic Variables & Sample Weights",2007,2014,Demographics,RDC Only
WTLI8R46,"8-year interview weight: Fay's-adjusted balanced repeated replication 
(Fay's BRR) weight 46 for participants in Los Angeles, California.",LDEMO_EH,"Los Angeles County, California - Demographic Variables & Sample Weights",2007,2014,Demographics,RDC Only
WTLI8R47,"8-year interview weight: Fay's-adjusted balanced repeated replication 
(Fay's BRR) weight 47 for participants in Los Angeles, California.",LDEMO_EH,"Los Angeles County, California - Demographic Variables & Sample Weights",2007,2014,Demographics,RDC Only
WTLI8R48,"8-year interview weight: Fay's-adjusted balanced repeated replication 
(Fay's BRR) weight 48 for participants in Los Angeles, California.",LDEMO_EH,"Los Angeles County, California - Demographic Variables & Sample Weights",2007,2014,Demographics,RDC Only
WTLM8R01,"8-year MEC exam weight: Fay's-adjusted balanced repeated replication (Fay's 
BRR) weight 01 for participants in Los Angeles, California.",LDEMO_EH,"Los Angeles County, California - Demographic Variables & Sample Weights",2007,2014,Demographics,RDC Only
WTLM8R02,"8-year MEC exam weight: Fay's-adjusted balanced repeated replication (Fay's 
BRR) weight 02 for participants in Los Angeles, California.",LDEMO_EH,"Los Angeles County, California - Demographic Variables & Sample Weights",2007,2014,Demographics,RDC Only
WTLM8R03,"8-year MEC exam weight: Fay's-adjusted balanced repeated replication (Fay's 
BRR) weight 03 for participants in Los Angeles, California.",LDEMO_EH,"Los Angeles County, California - Demographic Variables & Sample Weights",2007,2014,Demographics,RDC Only
WTLM8R04,"8-year MEC exam weight: Fay's-adjusted balanced repeated replication (Fay's 
BRR) weight 04 for participants in Los Angeles, California.",LDEMO_EH,"Los Angeles County, California - Demographic Variables & Sample Weights",2007,2014,Demographics,RDC Only
WTLM8R05,"8-year MEC exam weight: Fay's-adjusted balanced repeated replication (Fay's 
BRR) weight 05 for participants in Los Angeles, California.",LDEMO_EH,"Los Angeles County, California - Demographic Variables & Sample Weights",2007,2014,Demographics,RDC Only
WTLM8R06,"8-year MEC exam weight: Fay's-adjusted balanced repeated replication (Fay's 
BRR) weight 06 for participants in Los Angeles, California.",LDEMO_EH,"Los Angeles County, California - Demographic Variables & Sample Weights",2007,2014,Demographics,RDC Only
WTLM8R07,"8-year MEC exam weight: Fay's-adjusted balanced repeated replication (Fay's 
BRR) weight 07 for participants in Los Angeles, California.",LDEMO_EH,"Los Angeles County, California - Demographic Variables & Sample Weights",2007,2014,Demographics,RDC Only
WTLM8R08,"8-year MEC exam weight: Fay's-adjusted balanced repeated replication (Fay's 
BRR) weight 08 for participants in Los Angeles, California.",LDEMO_EH,"Los Angeles County, California - Demographic Variables & Sample Weights",2007,2014,Demographics,RDC Only
WTLM8R09,"8-year MEC exam weight: Fay's-adjusted balanced repeated replication (Fay's 
BRR) weight 09 for participants in Los Angeles, California.",LDEMO_EH,"Los Angeles County, California - Demographic Variables & Sample Weights",2007,2014,Demographics,RDC Only
WTLM8R10,"8-year MEC exam weight: Fay's-adjusted balanced repeated replication (Fay's 
BRR) weight 10 for participants in Los Angeles, California.",LDEMO_EH,"Los Angeles County, California - Demographic Variables & Sample Weights",2007,2014,Demographics,RDC Only
WTLM8R11,"8-year MEC exam weight: Fay's-adjusted balanced repeated replication (Fay's 
BRR) weight 11 for participants in Los Angeles, California.",LDEMO_EH,"Los Angeles County, California - Demographic Variables & Sample Weights",2007,2014,Demographics,RDC Only
WTLM8R12,"8-year MEC exam weight: Fay's-adjusted balanced repeated replication (Fay's 
BRR) weight 12 for participants in Los Angeles, California.",LDEMO_EH,"Los Angeles County, California - Demographic Variables & Sample Weights",2007,2014,Demographics,RDC Only
WTLM8R13,"8-year MEC exam weight: Fay's-adjusted balanced repeated replication (Fay's 
BRR) weight 13 for participants in Los Angeles, California.",LDEMO_EH,"Los Angeles County, California - Demographic Variables & Sample Weights",2007,2014,Demographics,RDC Only
WTLM8R14,"8-year MEC exam weight: Fay's-adjusted balanced repeated replication (Fay's 
BRR) weight 14 for participants in Los Angeles, California.",LDEMO_EH,"Los Angeles County, California - Demographic Variables & Sample Weights",2007,2014,Demographics,RDC Only
WTLM8R15,"8-year MEC exam weight: Fay's-adjusted balanced repeated replication (Fay's 
BRR) weight 15 for participants in Los Angeles, California.",LDEMO_EH,"Los Angeles County, California - Demographic Variables & Sample Weights",2007,2014,Demographics,RDC Only
WTLM8R16,"8-year MEC exam weight: Fay's-adjusted balanced repeated replication (Fay's 
BRR) weight 16 for participants in Los Angeles, California.",LDEMO_EH,"Los Angeles County, California - Demographic Variables & Sample Weights",2007,2014,Demographics,RDC Only
WTLM8R17,"8-year MEC exam weight: Fay's-adjusted balanced repeated replication (Fay's 
BRR) weight 17 for participants in Los Angeles, California.",LDEMO_EH,"Los Angeles County, California - Demographic Variables & Sample Weights",2007,2014,Demographics,RDC Only
WTLM8R18,"8-year MEC exam weight: Fay's-adjusted balanced repeated replication (Fay's 
BRR) weight 18 for participants in Los Angeles, California.",LDEMO_EH,"Los Angeles County, California - Demographic Variables & Sample Weights",2007,2014,Demographics,RDC Only
WTLM8R19,"8-year MEC exam weight: Fay's-adjusted balanced repeated replication (Fay's 
BRR) weight 19 for participants in Los Angeles, California.",LDEMO_EH,"Los Angeles County, California - Demographic Variables & Sample Weights",2007,2014,Demographics,RDC Only
WTLM8R20,"8-year MEC exam weight: Fay's-adjusted balanced repeated replication (Fay's 
BRR) weight 20 for participants in Los Angeles, California.",LDEMO_EH,"Los Angeles County, California - Demographic Variables & Sample Weights",2007,2014,Demographics,RDC Only
WTLM8R21,"8-year MEC exam weight: Fay's-adjusted balanced repeated replication (Fay's 
BRR) weight 21 for participants in Los Angeles, California.",LDEMO_EH,"Los Angeles County, California - Demographic Variables & Sample Weights",2007,2014,Demographics,RDC Only
WTLM8R22,"8-year MEC exam weight: Fay's-adjusted balanced repeated replication (Fay's 
BRR) weight 22 for participants in Los Angeles, California.",LDEMO_EH,"Los Angeles County, California - Demographic Variables & Sample Weights",2007,2014,Demographics,RDC Only
WTLM8R23,"8-year MEC exam weight: Fay's-adjusted balanced repeated replication (Fay's 
BRR) weight 23 for participants in Los Angeles, California.",LDEMO_EH,"Los Angeles County, California - Demographic Variables & Sample Weights",2007,2014,Demographics,RDC Only
WTLM8R24,"8-year MEC exam weight: Fay's-adjusted balanced repeated replication (Fay's 
BRR) weight 24 for participants in Los Angeles, California.",LDEMO_EH,"Los Angeles County, California - Demographic Variables & Sample Weights",2007,2014,Demographics,RDC Only
WTLM8R25,"8-year MEC exam weight: Fay's-adjusted balanced repeated replication (Fay's 
BRR) weight 25 for participants in Los Angeles, California.",LDEMO_EH,"Los Angeles County, California - Demographic Variables & Sample Weights",2007,2014,Demographics,RDC Only
WTLM8R26,"8-year MEC exam weight: Fay's-adjusted balanced repeated replication (Fay's 
BRR) weight 26 for participants in Los Angeles, California.",LDEMO_EH,"Los Angeles County, California - Demographic Variables & Sample Weights",2007,2014,Demographics,RDC Only
WTLM8R27,"8-year MEC exam weight: Fay's-adjusted balanced repeated replication (Fay's 
BRR) weight 27 for participants in Los Angeles, California.",LDEMO_EH,"Los Angeles County, California - Demographic Variables & Sample Weights",2007,2014,Demographics,RDC Only
WTLM8R28,"8-year MEC exam weight: Fay's-adjusted balanced repeated replication (Fay's 
BRR) weight 28 for participants in Los Angeles, California.",LDEMO_EH,"Los Angeles County, California - Demographic Variables & Sample Weights",2007,2014,Demographics,RDC Only
WTLM8R29,"8-year MEC exam weight: Fay's-adjusted balanced repeated replication (Fay's 
BRR) weight 29 for participants in Los Angeles, California.",LDEMO_EH,"Los Angeles County, California - Demographic Variables & Sample Weights",2007,2014,Demographics,RDC Only
WTLM8R30,"8-year MEC exam weight: Fay's-adjusted balanced repeated replication (Fay's 
BRR) weight 30 for participants in Los Angeles, California.",LDEMO_EH,"Los Angeles County, California - Demographic Variables & Sample Weights",2007,2014,Demographics,RDC Only
WTLM8R31,"8-year MEC exam weight: Fay's-adjusted balanced repeated replication (Fay's 
BRR) weight 31 for participants in Los Angeles, California.",LDEMO_EH,"Los Angeles County, California - Demographic Variables & Sample Weights",2007,2014,Demographics,RDC Only
WTLM8R32,"8-year MEC exam weight: Fay's-adjusted balanced repeated replication (Fay's 
BRR) weight 32 for participants in Los Angeles, California.",LDEMO_EH,"Los Angeles County, California - Demographic Variables & Sample Weights",2007,2014,Demographics,RDC Only
WTLM8R33,"8-year MEC exam weight: Fay's-adjusted balanced repeated replication (Fay's 
BRR) weight 33 for participants in Los Angeles, California.",LDEMO_EH,"Los Angeles County, California - Demographic Variables & Sample Weights",2007,2014,Demographics,RDC Only
WTLM8R34,"8-year MEC exam weight: Fay's-adjusted balanced repeated replication (Fay's 
BRR) weight 34 for participants in Los Angeles, California.",LDEMO_EH,"Los Angeles County, California - Demographic Variables & Sample Weights",2007,2014,Demographics,RDC Only
WTLM8R35,"8-year MEC exam weight: Fay's-adjusted balanced repeated replication (Fay's 
BRR) weight 35 for participants in Los Angeles, California.",LDEMO_EH,"Los Angeles County, California - Demographic Variables & Sample Weights",2007,2014,Demographics,RDC Only
WTLM8R36,"8-year MEC exam weight: Fay's-adjusted balanced repeated replication (Fay's 
BRR) weight 36 for participants in Los Angeles, California.",LDEMO_EH,"Los Angeles County, California - Demographic Variables & Sample Weights",2007,2014,Demographics,RDC Only
WTLM8R37,"8-year MEC exam weight: Fay's-adjusted balanced repeated replication (Fay's 
BRR) weight 37 for participants in Los Angeles, California.",LDEMO_EH,"Los Angeles County, California - Demographic Variables & Sample Weights",2007,2014,Demographics,RDC Only
WTLM8R38,"8-year MEC exam weight: Fay's-adjusted balanced repeated replication (Fay's 
BRR) weight 38 for participants in Los Angeles, California.",LDEMO_EH,"Los Angeles County, California - Demographic Variables & Sample Weights",2007,2014,Demographics,RDC Only
WTLM8R39,"8-year MEC exam weight: Fay's-adjusted balanced repeated replication (Fay's 
BRR) weight 39 for participants in Los Angeles, California.",LDEMO_EH,"Los Angeles County, California - Demographic Variables & Sample Weights",2007,2014,Demographics,RDC Only
WTLM8R40,"8-year MEC exam weight: Fay's-adjusted balanced repeated replication (Fay's 
BRR) weight 40 for participants in Los Angeles, California.",LDEMO_EH,"Los Angeles County, California - Demographic Variables & Sample Weights",2007,2014,Demographics,RDC Only
WTLM8R41,"8-year MEC exam weight: Fay's-adjusted balanced repeated replication (Fay's 
BRR) weight 41 for participants in Los Angeles, California.",LDEMO_EH,"Los Angeles County, California - Demographic Variables & Sample Weights",2007,2014,Demographics,RDC Only
WTLM8R42,"8-year MEC exam weight: Fay's-adjusted balanced repeated replication (Fay's 
BRR) weight 42 for participants in Los Angeles, California.",LDEMO_EH,"Los Angeles County, California - Demographic Variables & Sample Weights",2007,2014,Demographics,RDC Only
WTLM8R43,"8-year MEC exam weight: Fay's-adjusted balanced repeated replication (Fay's 
BRR) weight 43 for participants in Los Angeles, California.",LDEMO_EH,"Los Angeles County, California - Demographic Variables & Sample Weights",2007,2014,Demographics,RDC Only
WTLM8R44,"8-year MEC exam weight: Fay's-adjusted balanced repeated replication (Fay's 
BRR) weight 44 for participants in Los Angeles, California.",LDEMO_EH,"Los Angeles County, California - Demographic Variables & Sample Weights",2007,2014,Demographics,RDC Only
WTLM8R45,"8-year MEC exam weight: Fay's-adjusted balanced repeated replication (Fay's 
BRR) weight 45 for participants in Los Angeles, California.",LDEMO_EH,"Los Angeles County, California - Demographic Variables & Sample Weights",2007,2014,Demographics,RDC Only
WTLM8R46,"8-year MEC exam weight: Fay's-adjusted balanced repeated replication (Fay's 
BRR) weight 46 for participants in Los Angeles, California.",LDEMO_EH,"Los Angeles County, California - Demographic Variables & Sample Weights",2007,2014,Demographics,RDC Only
WTLM8R47,"8-year MEC exam weight: Fay's-adjusted balanced repeated replication (Fay's 
BRR) weight 47 for participants in Los Angeles, California.",LDEMO_EH,"Los Angeles County, California - Demographic Variables & Sample Weights",2007,2014,Demographics,RDC Only
WTLM8R48,"8-year MEC exam weight: Fay's-adjusted balanced repeated replication (Fay's 
BRR) weight 48 for participants in Los Angeles, California.",LDEMO_EH,"Los Angeles County, California - Demographic Variables & Sample Weights",2007,2014,Demographics,RDC Only
CATVPSU,Variance unit: PSU variable for variance estimation,CDEMO_EH,California - Demographic Variables & Sample Weights,2007,2014,Demographics,RDC Only
CATVSTRA,Variance unit: stratum variable for variance estimation,CDEMO_EH,California - Demographic Variables & Sample Weights,2007,2014,Demographics,RDC Only
DMDBORN,In what country {were you/was SP} born?,CDEMO_EH,California - Demographic Variables & Sample Weights,2007,2014,Demographics,RDC Only
DMDBORN2,In what country {were you/was SP} born?,CDEMO_EH,California - Demographic Variables & Sample Weights,2007,2014,Demographics,RDC Only
DMDCITZN,"{Are you/Is SP} a citizen of the United States? [Information about 
citizenship is being collected by the U.S. Public Health Service to perform 
health related research. Providing this information is voluntary and is 
collected under the authority of the Public Health Service Act. There will 
be no effect on pending immigration or citizenship petitions.]",CDEMO_EH,California - Demographic Variables & Sample Weights,2007,2014,Demographics,RDC Only
DMDEDUC2,"What is the highest grade or level of school {you have/SP has} completed or 
the highest degree {you have/s/he has} received?",CDEMO_EH,California - Demographic Variables & Sample Weights,2007,2014,Demographics,RDC Only
DMDEDUC3,"What is the highest grade or level of school {you have/SP has} completed or 
the highest degree {you have/s/he has} received?",CDEMO_EH,California - Demographic Variables & Sample Weights,2007,2014,Demographics,RDC Only
DMDFMSIZ,Total number of people in the Family,CDEMO_EH,California - Demographic Variables & Sample Weights,2007,2014,Demographics,RDC Only
DMDHHSIZ,Total number of people in the Household,CDEMO_EH,California - Demographic Variables & Sample Weights,2007,2014,Demographics,RDC Only
DMDMARTL,Marital status,CDEMO_EH,California - Demographic Variables & Sample Weights,2007,2014,Demographics,RDC Only
DMDYRSUS,Length of time the participant has been in the US.,CDEMO_EH,California - Demographic Variables & Sample Weights,2007,2014,Demographics,RDC Only
INDFMIN2,Total family income (reported as a range value in dollars),CDEMO_EH,California - Demographic Variables & Sample Weights,2007,2014,Demographics,RDC Only
INDFMPIR,A ratio of family income to poverty guidelines.,CDEMO_EH,California - Demographic Variables & Sample Weights,2007,2014,Demographics,RDC Only
INDHHIN2,Total household income (reported as a range value in dollars),CDEMO_EH,California - Demographic Variables & Sample Weights,2007,2014,Demographics,RDC Only
RIAGENDR,Gender of the participant.,CDEMO_EH,California - Demographic Variables & Sample Weights,2007,2014,Demographics,RDC Only
RIDAGEEX,"Age in years of the participant at the time of examination. Individuals 
aged 959 months and older are topcoded at 959 months.",CDEMO_EH,California - Demographic Variables & Sample Weights,2007,2014,Demographics,RDC Only
RIDAGEMN,"Age in months of the participant at the time of screening. Individuals aged 
959 months and older are topcoded at 959 months.",CDEMO_EH,California - Demographic Variables & Sample Weights,2007,2014,Demographics,RDC Only
RIDAGEYR,"Age in years of the participant at the time of screening. Individuals 80 
and over are topcoded at 80 years of age.",CDEMO_EH,California - Demographic Variables & Sample Weights,2007,2014,Demographics,RDC Only
RIDEXPRG,"Pregnancy status for females between 20 and 44 years of age at the time of 
MEC exam.",CDEMO_EH,California - Demographic Variables & Sample Weights,2007,2014,Demographics,RDC Only
RIDRETH1,Recode of reported race and Hispanic origin information,CDEMO_EH,California - Demographic Variables & Sample Weights,2007,2014,Demographics,RDC Only
RIDSTATR,Interview and examination status of the participant.,CDEMO_EH,California - Demographic Variables & Sample Weights,2007,2014,Demographics,RDC Only
SEQN,Respondent sequence number.,CDEMO_EH,California - Demographic Variables & Sample Weights,2007,2014,Demographics,RDC Only
WTCAI8YR,Full sample 8-year interview weight for participants in California.,CDEMO_EH,California - Demographic Variables & Sample Weights,2007,2014,Demographics,RDC Only
WTCAM8YR,Full sample 8-year MEC exam weight for participants in California.,CDEMO_EH,California - Demographic Variables & Sample Weights,2007,2014,Demographics,RDC Only
WTCI8R01,"8-year interview weight: Fay's-adjusted balanced repeated replication 
(Fay's BRR) weight 01 for participants in California.",CDEMO_EH,California - Demographic Variables & Sample Weights,2007,2014,Demographics,RDC Only
WTCI8R02,"8-year interview weight: Fay's-adjusted balanced repeated replication 
(Fay's BRR) weight 02 for participants in California.",CDEMO_EH,California - Demographic Variables & Sample Weights,2007,2014,Demographics,RDC Only
WTCI8R03,"8-year interview weight: Fay's-adjusted balanced repeated replication 
(Fay's BRR) weight 03 for participants in California.",CDEMO_EH,California - Demographic Variables & Sample Weights,2007,2014,Demographics,RDC Only
WTCI8R04,"8-year interview weight: Fay's-adjusted balanced repeated replication 
(Fay's BRR) weight 04 for participants in California.",CDEMO_EH,California - Demographic Variables & Sample Weights,2007,2014,Demographics,RDC Only
WTCI8R05,"8-year interview weight: Fay's-adjusted balanced repeated replication 
(Fay's BRR) weight 05 for participants in California.",CDEMO_EH,California - Demographic Variables & Sample Weights,2007,2014,Demographics,RDC Only
WTCI8R06,"8-year interview weight: Fay's-adjusted balanced repeated replication 
(Fay's BRR) weight 06 for participants in California.",CDEMO_EH,California - Demographic Variables & Sample Weights,2007,2014,Demographics,RDC Only
WTCI8R07,"8-year interview weight: Fay's-adjusted balanced repeated replication 
(Fay's BRR) weight 07 for participants in California.",CDEMO_EH,California - Demographic Variables & Sample Weights,2007,2014,Demographics,RDC Only
WTCI8R08,"8-year interview weight: Fay's-adjusted balanced repeated replication 
(Fay's BRR) weight 08 for participants in California.",CDEMO_EH,California - Demographic Variables & Sample Weights,2007,2014,Demographics,RDC Only
WTCI8R09,"8-year interview weight: Fay's-adjusted balanced repeated replication 
(Fay's BRR) weight 09 for participants in California.",CDEMO_EH,California - Demographic Variables & Sample Weights,2007,2014,Demographics,RDC Only
WTCI8R10,"8-year interview weight: Fay's-adjusted balanced repeated replication 
(Fay's BRR) weight 10 for participants in California.",CDEMO_EH,California - Demographic Variables & Sample Weights,2007,2014,Demographics,RDC Only
WTCI8R11,"8-year interview weight: Fay's-adjusted balanced repeated replication 
(Fay's BRR) weight 11 for participants in California.",CDEMO_EH,California - Demographic Variables & Sample Weights,2007,2014,Demographics,RDC Only
WTCI8R12,"8-year interview weight: Fay's-adjusted balanced repeated replication 
(Fay's BRR) weight 12 for participants in California.",CDEMO_EH,California - Demographic Variables & Sample Weights,2007,2014,Demographics,RDC Only
WTCI8R13,"8-year interview weight: Fay's-adjusted balanced repeated replication 
(Fay's BRR) weight 13 for participants in California.",CDEMO_EH,California - Demographic Variables & Sample Weights,2007,2014,Demographics,RDC Only
WTCI8R14,"8-year interview weight: Fay's-adjusted balanced repeated replication 
(Fay's BRR) weight 14 for participants in California.",CDEMO_EH,California - Demographic Variables & Sample Weights,2007,2014,Demographics,RDC Only
WTCI8R15,"8-year interview weight: Fay's-adjusted balanced repeated replication 
(Fay's BRR) weight 15 for participants in California.",CDEMO_EH,California - Demographic Variables & Sample Weights,2007,2014,Demographics,RDC Only
WTCI8R16,"8-year interview weight: Fay's-adjusted balanced repeated replication 
(Fay's BRR) weight 16 for participants in California.",CDEMO_EH,California - Demographic Variables & Sample Weights,2007,2014,Demographics,RDC Only
WTCI8R17,"8-year interview weight: Fay's-adjusted balanced repeated replication 
(Fay's BRR) weight 17 for participants in California.",CDEMO_EH,California - Demographic Variables & Sample Weights,2007,2014,Demographics,RDC Only
WTCI8R18,"8-year interview weight: Fay's-adjusted balanced repeated replication 
(Fay's BRR) weight 18 for participants in California.",CDEMO_EH,California - Demographic Variables & Sample Weights,2007,2014,Demographics,RDC Only
WTCI8R19,"8-year interview weight: Fay's-adjusted balanced repeated replication 
(Fay's BRR) weight 19 for participants in California.",CDEMO_EH,California - Demographic Variables & Sample Weights,2007,2014,Demographics,RDC Only
WTCI8R20,"8-year interview weight: Fay's-adjusted balanced repeated replication 
(Fay's BRR) weight 20 for participants in California.",CDEMO_EH,California - Demographic Variables & Sample Weights,2007,2014,Demographics,RDC Only
WTCI8R21,"8-year interview weight: Fay's-adjusted balanced repeated replication 
(Fay's BRR) weight 21 for participants in California.",CDEMO_EH,California - Demographic Variables & Sample Weights,2007,2014,Demographics,RDC Only
WTCI8R22,"8-year interview weight: Fay's-adjusted balanced repeated replication 
(Fay's BRR) weight 22 for participants in California.",CDEMO_EH,California - Demographic Variables & Sample Weights,2007,2014,Demographics,RDC Only
WTCI8R23,"8-year interview weight: Fay's-adjusted balanced repeated replication 
(Fay's BRR) weight 23 for participants in California.",CDEMO_EH,California - Demographic Variables & Sample Weights,2007,2014,Demographics,RDC Only
WTCI8R24,"8-year interview weight: Fay's-adjusted balanced repeated replication 
(Fay's BRR) weight 24 for participants in California.",CDEMO_EH,California - Demographic Variables & Sample Weights,2007,2014,Demographics,RDC Only
WTCI8R25,"8-year interview weight: Fay's-adjusted balanced repeated replication 
(Fay's BRR) weight 25 for participants in California.",CDEMO_EH,California - Demographic Variables & Sample Weights,2007,2014,Demographics,RDC Only
WTCI8R26,"8-year interview weight: Fay's-adjusted balanced repeated replication 
(Fay's BRR) weight 26 for participants in California.",CDEMO_EH,California - Demographic Variables & Sample Weights,2007,2014,Demographics,RDC Only
WTCI8R27,"8-year interview weight: Fay's-adjusted balanced repeated replication 
(Fay's BRR) weight 27 for participants in California.",CDEMO_EH,California - Demographic Variables & Sample Weights,2007,2014,Demographics,RDC Only
WTCI8R28,"8-year interview weight: Fay's-adjusted balanced repeated replication 
(Fay's BRR) weight 28 for participants in California.",CDEMO_EH,California - Demographic Variables & Sample Weights,2007,2014,Demographics,RDC Only
WTCI8R29,"8-year interview weight: Fay's-adjusted balanced repeated replication 
(Fay's BRR) weight 29 for participants in California.",CDEMO_EH,California - Demographic Variables & Sample Weights,2007,2014,Demographics,RDC Only
WTCI8R30,"8-year interview weight: Fay's-adjusted balanced repeated replication 
(Fay's BRR) weight 30 for participants in California.",CDEMO_EH,California - Demographic Variables & Sample Weights,2007,2014,Demographics,RDC Only
WTCI8R31,"8-year interview weight: Fay's-adjusted balanced repeated replication 
(Fay's BRR) weight 31 for participants in California.",CDEMO_EH,California - Demographic Variables & Sample Weights,2007,2014,Demographics,RDC Only
WTCI8R32,"8-year interview weight: Fay's-adjusted balanced repeated replication 
(Fay's BRR) weight 32 for participants in California.",CDEMO_EH,California - Demographic Variables & Sample Weights,2007,2014,Demographics,RDC Only
WTCI8R33,"8-year interview weight: Fay's-adjusted balanced repeated replication 
(Fay's BRR) weight 33 for participants in California.",CDEMO_EH,California - Demographic Variables & Sample Weights,2007,2014,Demographics,RDC Only
WTCI8R34,"8-year interview weight: Fay's-adjusted balanced repeated replication 
(Fay's BRR) weight 34 for participants in California.",CDEMO_EH,California - Demographic Variables & Sample Weights,2007,2014,Demographics,RDC Only
WTCI8R35,"8-year interview weight: Fay's-adjusted balanced repeated replication 
(Fay's BRR) weight 35 for participants in California.",CDEMO_EH,California - Demographic Variables & Sample Weights,2007,2014,Demographics,RDC Only
WTCI8R36,"8-year interview weight: Fay's-adjusted balanced repeated replication 
(Fay's BRR) weight 36 for participants in California.",CDEMO_EH,California - Demographic Variables & Sample Weights,2007,2014,Demographics,RDC Only
WTCI8R37,"8-year interview weight: Fay's-adjusted balanced repeated replication 
(Fay's BRR) weight 37 for participants in California.",CDEMO_EH,California - Demographic Variables & Sample Weights,2007,2014,Demographics,RDC Only
WTCI8R38,"8-year interview weight: Fay's-adjusted balanced repeated replication 
(Fay's BRR) weight 38 for participants in California.",CDEMO_EH,California - Demographic Variables & Sample Weights,2007,2014,Demographics,RDC Only
WTCI8R39,"8-year interview weight: Fay's-adjusted balanced repeated replication 
(Fay's BRR) weight 39 for participants in California.",CDEMO_EH,California - Demographic Variables & Sample Weights,2007,2014,Demographics,RDC Only
WTCI8R40,"8-year interview weight: Fay's-adjusted balanced repeated replication 
(Fay's BRR) weight 40 for participants in California.",CDEMO_EH,California - Demographic Variables & Sample Weights,2007,2014,Demographics,RDC Only
WTCI8R41,"8-year interview weight: Fay's-adjusted balanced repeated replication 
(Fay's BRR) weight 41 for participants in California.",CDEMO_EH,California - Demographic Variables & Sample Weights,2007,2014,Demographics,RDC Only
WTCI8R42,"8-year interview weight: Fay's-adjusted balanced repeated replication 
(Fay's BRR) weight 42 for participants in California.",CDEMO_EH,California - Demographic Variables & Sample Weights,2007,2014,Demographics,RDC Only
WTCI8R43,"8-year interview weight: Fay's-adjusted balanced repeated replication 
(Fay's BRR) weight 43 for participants in California.",CDEMO_EH,California - Demographic Variables & Sample Weights,2007,2014,Demographics,RDC Only
WTCI8R44,"8-year interview weight: Fay's-adjusted balanced repeated replication 
(Fay's BRR) weight 44 for participants in California.",CDEMO_EH,California - Demographic Variables & Sample Weights,2007,2014,Demographics,RDC Only
WTCI8R45,"8-year interview weight: Fay's-adjusted balanced repeated replication 
(Fay's BRR) weight 45 for participants in California.",CDEMO_EH,California - Demographic Variables & Sample Weights,2007,2014,Demographics,RDC Only
WTCI8R46,"8-year interview weight: Fay's-adjusted balanced repeated replication 
(Fay's BRR) weight 46 for participants in California.",CDEMO_EH,California - Demographic Variables & Sample Weights,2007,2014,Demographics,RDC Only
WTCI8R47,"8-year interview weight: Fay's-adjusted balanced repeated replication 
(Fay's BRR) weight 47 for participants in California.",CDEMO_EH,California - Demographic Variables & Sample Weights,2007,2014,Demographics,RDC Only
WTCI8R48,"8-year interview weight: Fay's-adjusted balanced repeated replication 
(Fay's BRR) weight 48 for participants in California.",CDEMO_EH,California - Demographic Variables & Sample Weights,2007,2014,Demographics,RDC Only
WTCI8R49,"8-year interview weight: Fay's-adjusted balanced repeated replication 
(Fay's BRR) weight 49 for participants in California.",CDEMO_EH,California - Demographic Variables & Sample Weights,2007,2014,Demographics,RDC Only
WTCI8R50,"8-year interview weight: Fay's-adjusted balanced repeated replication 
(Fay's BRR) weight 50 for participants in California.",CDEMO_EH,California - Demographic Variables & Sample Weights,2007,2014,Demographics,RDC Only
WTCI8R51,"8-year interview weight: Fay's-adjusted balanced repeated replication 
(Fay's BRR) weight 51 for participants in California.",CDEMO_EH,California - Demographic Variables & Sample Weights,2007,2014,Demographics,RDC Only
WTCI8R52,"8-year interview weight: Fay's-adjusted balanced repeated replication 
(Fay's BRR) weight 52 for participants in California.",CDEMO_EH,California - Demographic Variables & Sample Weights,2007,2014,Demographics,RDC Only
WTCM8R01,"8-year MEC exam weight: Fay's-adjusted balanced repeated replication (Fay's 
BRR) weight 01 for participants in California.",CDEMO_EH,California - Demographic Variables & Sample Weights,2007,2014,Demographics,RDC Only
WTCM8R02,"8-year MEC exam weight: Fay's-adjusted balanced repeated replication (Fay's 
BRR) weight 02 for participants in California.",CDEMO_EH,California - Demographic Variables & Sample Weights,2007,2014,Demographics,RDC Only
WTCM8R03,"8-year MEC exam weight: Fay's-adjusted balanced repeated replication (Fay's 
BRR) weight 03 for participants in California.",CDEMO_EH,California - Demographic Variables & Sample Weights,2007,2014,Demographics,RDC Only
WTCM8R04,"8-year MEC exam weight: Fay's-adjusted balanced repeated replication (Fay's 
BRR) weight 04 for participants in California.",CDEMO_EH,California - Demographic Variables & Sample Weights,2007,2014,Demographics,RDC Only
WTCM8R05,"8-year MEC exam weight: Fay's-adjusted balanced repeated replication (Fay's 
BRR) weight 05 for participants in California.",CDEMO_EH,California - Demographic Variables & Sample Weights,2007,2014,Demographics,RDC Only
WTCM8R06,"8-year MEC exam weight: Fay's-adjusted balanced repeated replication (Fay's 
BRR) weight 06 for participants in California.",CDEMO_EH,California - Demographic Variables & Sample Weights,2007,2014,Demographics,RDC Only
WTCM8R07,"8-year MEC exam weight: Fay's-adjusted balanced repeated replication (Fay's 
BRR) weight 07 for participants in California.",CDEMO_EH,California - Demographic Variables & Sample Weights,2007,2014,Demographics,RDC Only
WTCM8R08,"8-year MEC exam weight: Fay's-adjusted balanced repeated replication (Fay's 
BRR) weight 08 for participants in California.",CDEMO_EH,California - Demographic Variables & Sample Weights,2007,2014,Demographics,RDC Only
WTCM8R09,"8-year MEC exam weight: Fay's-adjusted balanced repeated replication (Fay's 
BRR) weight 09 for participants in California.",CDEMO_EH,California - Demographic Variables & Sample Weights,2007,2014,Demographics,RDC Only
WTCM8R10,"8-year MEC exam weight: Fay's-adjusted balanced repeated replication (Fay's 
BRR) weight 10 for participants in California.",CDEMO_EH,California - Demographic Variables & Sample Weights,2007,2014,Demographics,RDC Only
WTCM8R11,"8-year MEC exam weight: Fay's-adjusted balanced repeated replication (Fay's 
BRR) weight 11 for participants in California.",CDEMO_EH,California - Demographic Variables & Sample Weights,2007,2014,Demographics,RDC Only
WTCM8R12,"8-year MEC exam weight: Fay's-adjusted balanced repeated replication (Fay's 
BRR) weight 12 for participants in California.",CDEMO_EH,California - Demographic Variables & Sample Weights,2007,2014,Demographics,RDC Only
WTCM8R13,"8-year MEC exam weight: Fay's-adjusted balanced repeated replication (Fay's 
BRR) weight 13 for participants in California.",CDEMO_EH,California - Demographic Variables & Sample Weights,2007,2014,Demographics,RDC Only
WTCM8R14,"8-year MEC exam weight: Fay's-adjusted balanced repeated replication (Fay's 
BRR) weight 14 for participants in California.",CDEMO_EH,California - Demographic Variables & Sample Weights,2007,2014,Demographics,RDC Only
WTCM8R15,"8-year MEC exam weight: Fay's-adjusted balanced repeated replication (Fay's 
BRR) weight 15 for participants in California.",CDEMO_EH,California - Demographic Variables & Sample Weights,2007,2014,Demographics,RDC Only
WTCM8R16,"8-year MEC exam weight: Fay's-adjusted balanced repeated replication (Fay's 
BRR) weight 16 for participants in California.",CDEMO_EH,California - Demographic Variables & Sample Weights,2007,2014,Demographics,RDC Only
WTCM8R17,"8-year MEC exam weight: Fay's-adjusted balanced repeated replication (Fay's 
BRR) weight 17 for participants in California.",CDEMO_EH,California - Demographic Variables & Sample Weights,2007,2014,Demographics,RDC Only
WTCM8R18,"8-year MEC exam weight: Fay's-adjusted balanced repeated replication (Fay's 
BRR) weight 18 for participants in California.",CDEMO_EH,California - Demographic Variables & Sample Weights,2007,2014,Demographics,RDC Only
WTCM8R19,"8-year MEC exam weight: Fay's-adjusted balanced repeated replication (Fay's 
BRR) weight 19 for participants in California.",CDEMO_EH,California - Demographic Variables & Sample Weights,2007,2014,Demographics,RDC Only
WTCM8R20,"8-year MEC exam weight: Fay's-adjusted balanced repeated replication (Fay's 
BRR) weight 20 for participants in California.",CDEMO_EH,California - Demographic Variables & Sample Weights,2007,2014,Demographics,RDC Only
WTCM8R21,"8-year MEC exam weight: Fay's-adjusted balanced repeated replication (Fay's 
BRR) weight 21 for participants in California.",CDEMO_EH,California - Demographic Variables & Sample Weights,2007,2014,Demographics,RDC Only
WTCM8R22,"8-year MEC exam weight: Fay's-adjusted balanced repeated replication (Fay's 
BRR) weight 22 for participants in California.",CDEMO_EH,California - Demographic Variables & Sample Weights,2007,2014,Demographics,RDC Only
WTCM8R23,"8-year MEC exam weight: Fay's-adjusted balanced repeated replication (Fay's 
BRR) weight 23 for participants in California.",CDEMO_EH,California - Demographic Variables & Sample Weights,2007,2014,Demographics,RDC Only
WTCM8R24,"8-year MEC exam weight: Fay's-adjusted balanced repeated replication (Fay's 
BRR) weight 24 for participants in California.",CDEMO_EH,California - Demographic Variables & Sample Weights,2007,2014,Demographics,RDC Only
WTCM8R25,"8-year MEC exam weight: Fay's-adjusted balanced repeated replication (Fay's 
BRR) weight 25 for participants in California.",CDEMO_EH,California - Demographic Variables & Sample Weights,2007,2014,Demographics,RDC Only
WTCM8R26,"8-year MEC exam weight: Fay's-adjusted balanced repeated replication (Fay's 
BRR) weight 26 for participants in California.",CDEMO_EH,California - Demographic Variables & Sample Weights,2007,2014,Demographics,RDC Only
WTCM8R27,"8-year MEC exam weight: Fay's-adjusted balanced repeated replication (Fay's 
BRR) weight 27 for participants in California.",CDEMO_EH,California - Demographic Variables & Sample Weights,2007,2014,Demographics,RDC Only
WTCM8R28,"8-year MEC exam weight: Fay's-adjusted balanced repeated replication (Fay's 
BRR) weight 28 for participants in California.",CDEMO_EH,California - Demographic Variables & Sample Weights,2007,2014,Demographics,RDC Only
WTCM8R29,"8-year MEC exam weight: Fay's-adjusted balanced repeated replication (Fay's 
BRR) weight 29 for participants in California.",CDEMO_EH,California - Demographic Variables & Sample Weights,2007,2014,Demographics,RDC Only
WTCM8R30,"8-year MEC exam weight: Fay's-adjusted balanced repeated replication (Fay's 
BRR) weight 30 for participants in California.",CDEMO_EH,California - Demographic Variables & Sample Weights,2007,2014,Demographics,RDC Only
WTCM8R31,"8-year MEC exam weight: Fay's-adjusted balanced repeated replication (Fay's 
BRR) weight 31 for participants in California.",CDEMO_EH,California - Demographic Variables & Sample Weights,2007,2014,Demographics,RDC Only
WTCM8R32,"8-year MEC exam weight: Fay's-adjusted balanced repeated replication (Fay's 
BRR) weight 32 for participants in California.",CDEMO_EH,California - Demographic Variables & Sample Weights,2007,2014,Demographics,RDC Only
WTCM8R33,"8-year MEC exam weight: Fay's-adjusted balanced repeated replication (Fay's 
BRR) weight 33 for participants in California.",CDEMO_EH,California - Demographic Variables & Sample Weights,2007,2014,Demographics,RDC Only
WTCM8R34,"8-year MEC exam weight: Fay's-adjusted balanced repeated replication (Fay's 
BRR) weight 34 for participants in California.",CDEMO_EH,California - Demographic Variables & Sample Weights,2007,2014,Demographics,RDC Only
WTCM8R35,"8-year MEC exam weight: Fay's-adjusted balanced repeated replication (Fay's 
BRR) weight 35 for participants in California.",CDEMO_EH,California - Demographic Variables & Sample Weights,2007,2014,Demographics,RDC Only
WTCM8R36,"8-year MEC exam weight: Fay's-adjusted balanced repeated replication (Fay's 
BRR) weight 36 for participants in California.",CDEMO_EH,California - Demographic Variables & Sample Weights,2007,2014,Demographics,RDC Only
WTCM8R37,"8-year MEC exam weight: Fay's-adjusted balanced repeated replication (Fay's 
BRR) weight 37 for participants in California.",CDEMO_EH,California - Demographic Variables & Sample Weights,2007,2014,Demographics,RDC Only
WTCM8R38,"8-year MEC exam weight: Fay's-adjusted balanced repeated replication (Fay's 
BRR) weight 38 for participants in California.",CDEMO_EH,California - Demographic Variables & Sample Weights,2007,2014,Demographics,RDC Only
WTCM8R39,"8-year MEC exam weight: Fay's-adjusted balanced repeated replication (Fay's 
BRR) weight 39 for participants in California.",CDEMO_EH,California - Demographic Variables & Sample Weights,2007,2014,Demographics,RDC Only
WTCM8R40,"8-year MEC exam weight: Fay's-adjusted balanced repeated replication (Fay's 
BRR) weight 40 for participants in California.",CDEMO_EH,California - Demographic Variables & Sample Weights,2007,2014,Demographics,RDC Only
WTCM8R41,"8-year MEC exam weight: Fay's-adjusted balanced repeated replication (Fay's 
BRR) weight 41 for participants in California.",CDEMO_EH,California - Demographic Variables & Sample Weights,2007,2014,Demographics,RDC Only
WTCM8R42,"8-year MEC exam weight: Fay's-adjusted balanced repeated replication (Fay's 
BRR) weight 42 for participants in California.",CDEMO_EH,California - Demographic Variables & Sample Weights,2007,2014,Demographics,RDC Only
WTCM8R43,"8-year MEC exam weight: Fay's-adjusted balanced repeated replication (Fay's 
BRR) weight 43 for participants in California.",CDEMO_EH,California - Demographic Variables & Sample Weights,2007,2014,Demographics,RDC Only
WTCM8R44,"8-year MEC exam weight: Fay's-adjusted balanced repeated replication (Fay's 
BRR) weight 44 for participants in California.",CDEMO_EH,California - Demographic Variables & Sample Weights,2007,2014,Demographics,RDC Only
WTCM8R45,"8-year MEC exam weight: Fay's-adjusted balanced repeated replication (Fay's 
BRR) weight 45 for participants in California.",CDEMO_EH,California - Demographic Variables & Sample Weights,2007,2014,Demographics,RDC Only
WTCM8R46,"8-year MEC exam weight: Fay's-adjusted balanced repeated replication (Fay's 
BRR) weight 46 for participants in California.",CDEMO_EH,California - Demographic Variables & Sample Weights,2007,2014,Demographics,RDC Only
WTCM8R47,"8-year MEC exam weight: Fay's-adjusted balanced repeated replication (Fay's 
BRR) weight 47 for participants in California.",CDEMO_EH,California - Demographic Variables & Sample Weights,2007,2014,Demographics,RDC Only
WTCM8R48,"8-year MEC exam weight: Fay's-adjusted balanced repeated replication (Fay's 
BRR) weight 48 for participants in California.",CDEMO_EH,California - Demographic Variables & Sample Weights,2007,2014,Demographics,RDC Only
WTCM8R49,"8-year MEC exam weight: Fay's-adjusted balanced repeated replication (Fay's 
BRR) weight 49 for participants in California.",CDEMO_EH,California - Demographic Variables & Sample Weights,2007,2014,Demographics,RDC Only
WTCM8R50,"8-year MEC exam weight: Fay's-adjusted balanced repeated replication (Fay's 
BRR) weight 50 for participants in California.",CDEMO_EH,California - Demographic Variables & Sample Weights,2007,2014,Demographics,RDC Only
WTCM8R51,"8-year MEC exam weight: Fay's-adjusted balanced repeated replication (Fay's 
BRR) weight 51 for participants in California.",CDEMO_EH,California - Demographic Variables & Sample Weights,2007,2014,Demographics,RDC Only
WTCM8R52,"8-year MEC exam weight: Fay's-adjusted balanced repeated replication (Fay's 
BRR) weight 52 for participants in California.",CDEMO_EH,California - Demographic Variables & Sample Weights,2007,2014,Demographics,RDC Only
BG2K,Census 2000 Block Group,GEO_2000,"Geocoded Data, NHANES 1999-2016, Census 2000",1999,2016,Demographics,RDC Only
BG2K,Census 2000 Block Group,GEO_2000,"Geocoded Data, NHANES 1999-2016, Census 2000",1999,2016,Demographics,RDC Only
BLOCK2K,Census 2000 Block ID - first character is the Census Block Group,GEO_2000,"Geocoded Data, NHANES 1999-2016, Census 2000",1999,2016,Demographics,RDC Only
BLOCK2K,Census 2000 Block ID,GEO_2000,"Geocoded Data, NHANES 1999-2016, Census 2000",1999,2016,Demographics,RDC Only
CBSA,Core Based Statistical Area (CBSA) Lowest Level Code,GEO_2000,"Geocoded Data, NHANES 1999-2016, Census 2000",1999,2016,Demographics,RDC Only
CBSA,"CBSA Lowest Level Code. Contains the first of: Metropolitan Division; 
Micropolitan Area; Metropolitan Area; in this order",GEO_2000,"Geocoded Data, NHANES 1999-2016, Census 2000",1999,2016,Demographics,RDC Only
CNTY2K,"Census 2000 FIPS County Code (3-digit numeric with leading zeros 
significant)",GEO_2000,"Geocoded Data, NHANES 1999-2016, Census 2000",1999,2016,Demographics,RDC Only
CNTY2K,Census 2000 FIPS County Code,GEO_2000,"Geocoded Data, NHANES 1999-2016, Census 2000",1999,2016,Demographics,RDC Only
LAT,Latitude (Decimal),GEO_2000,"Geocoded Data, NHANES 1999-2016, Census 2000",1999,2016,Demographics,RDC Only
LAT,Latitude in decimal format with up to 6 decimal precision,GEO_2000,"Geocoded Data, NHANES 1999-2016, Census 2000",1999,2016,Demographics,RDC Only
LON,Longitude in decimal format with up to 6 decimal precision,GEO_2000,"Geocoded Data, NHANES 1999-2016, Census 2000",1999,2016,Demographics,RDC Only
LON,Longitude (Decimal),GEO_2000,"Geocoded Data, NHANES 1999-2016, Census 2000",1999,2016,Demographics,RDC Only
LVL2K,Census 2000 Geocoder LAT/LONG Geocoding Level Return Code,GEO_2000,"Geocoded Data, NHANES 1999-2016, Census 2000",1999,2016,Demographics,RDC Only
LVL2K,Reference Census 2000 Geocoder RCs (Return Codes) tab,GEO_2000,"Geocoded Data, NHANES 1999-2016, Census 2000",1999,2016,Demographics,RDC Only
RC2K,Reference Census 2000 Geocoder RCs (Return Codes) tab,GEO_2000,"Geocoded Data, NHANES 1999-2016, Census 2000",1999,2016,Demographics,RDC Only
RC2K,Census 2000 Geocoder General Return Code,GEO_2000,"Geocoded Data, NHANES 1999-2016, Census 2000",1999,2016,Demographics,RDC Only
SEQN,Respondent sequence number.,GEO_2000,"Geocoded Data, NHANES 1999-2016, Census 2000",1999,2016,Demographics,RDC Only
SEQN,Respondent sequence number.,GEO_2000,"Geocoded Data, NHANES 1999-2016, Census 2000",1999,2016,Demographics,RDC Only
STATE2K,Census 2000 FIPS State Code (2-digit numeric with leading zeros significant),GEO_2000,"Geocoded Data, NHANES 1999-2016, Census 2000",1999,2016,Demographics,RDC Only
STATE2K,Census 2000 FIPS State Code,GEO_2000,"Geocoded Data, NHANES 1999-2016, Census 2000",1999,2016,Demographics,RDC Only
STM2K,Census 2000 Geocoder Street Matcher Return Code,GEO_2000,"Geocoded Data, NHANES 1999-2016, Census 2000",1999,2016,Demographics,RDC Only
STM2K,Reference Census 2000 Geocoder RCs (Return Codes) tab,GEO_2000,"Geocoded Data, NHANES 1999-2016, Census 2000",1999,2016,Demographics,RDC Only
TRACT2K,Census 2000 Tract (contains leader zeros with the decimal point implied),GEO_2000,"Geocoded Data, NHANES 1999-2016, Census 2000",1999,2016,Demographics,RDC Only
TRACT2K,Census 2000 Tract,GEO_2000,"Geocoded Data, NHANES 1999-2016, Census 2000",1999,2016,Demographics,RDC Only
UR,Urban/Rural Indicator,GEO_2000,"Geocoded Data, NHANES 1999-2016, Census 2000",1999,2016,Demographics,RDC Only
UR,"Urban/Rural Indicator (U = Urban, R = Rural, blank = unknown) [TIGER/Line 
RcdType 'S'; UR value]",GEO_2000,"Geocoded Data, NHANES 1999-2016, Census 2000",1999,2016,Demographics,RDC Only
BG2KX,Census 2010 Block Group,GEO_2010,"Geocoded Data, NHANES 1999-2016, Census 2010",1999,2016,Demographics,RDC Only
BG2KX,Census 2010 Block Group,GEO_2010,"Geocoded Data, NHANES 1999-2016, Census 2010",1999,2016,Demographics,RDC Only
BLOCK2KX,Census 2010 Block ID - first character is the Census Block Group,GEO_2010,"Geocoded Data, NHANES 1999-2016, Census 2010",1999,2016,Demographics,RDC Only
BLOCK2KX,Census 2010 Block ID - first character is the Census Block Group,GEO_2010,"Geocoded Data, NHANES 1999-2016, Census 2010",1999,2016,Demographics,RDC Only
CBSA,"CBSA Lowest Level Code. Contains the first of: Metropolitan Division; 
Micropolitan Area; Metropolitan Area; in this order",GEO_2010,"Geocoded Data, NHANES 1999-2016, Census 2010",1999,2016,Demographics,RDC Only
CBSA,"CBSA Lowest Level Code. Contains the first of: Metropolitan Division; 
Micropolitan Area; Metropolitan Area; in this order",GEO_2010,"Geocoded Data, NHANES 1999-2016, Census 2010",1999,2016,Demographics,RDC Only
CNTY2KX,"Census 2010 FIPS County Code (3-digit numeric with leading zeros 
significant)",GEO_2010,"Geocoded Data, NHANES 1999-2016, Census 2010",1999,2016,Demographics,RDC Only
CNTY2KX,"Census 2010 FIPS County Code (3-digit numeric with leading zeros 
significant)",GEO_2010,"Geocoded Data, NHANES 1999-2016, Census 2010",1999,2016,Demographics,RDC Only
LAT,Latitude in decimal format with up to 6 decimal precision,GEO_2010,"Geocoded Data, NHANES 1999-2016, Census 2010",1999,2016,Demographics,RDC Only
LAT,Latitude in decimal format with up to 6 decimal precision,GEO_2010,"Geocoded Data, NHANES 1999-2016, Census 2010",1999,2016,Demographics,RDC Only
LON,Longitude in decimal format with up to 6 decimal precision,GEO_2010,"Geocoded Data, NHANES 1999-2016, Census 2010",1999,2016,Demographics,RDC Only
LON,Longitude in decimal format with up to 6 decimal precision,GEO_2010,"Geocoded Data, NHANES 1999-2016, Census 2010",1999,2016,Demographics,RDC Only
LVL2KX,Reference Census 2010 Geocoder RCs (Return Codes) tab,GEO_2010,"Geocoded Data, NHANES 1999-2016, Census 2010",1999,2016,Demographics,RDC Only
LVL2KX,Reference Census 2010 Geocoder RCs (Return Codes) tab,GEO_2010,"Geocoded Data, NHANES 1999-2016, Census 2010",1999,2016,Demographics,RDC Only
RC2KX,Reference Census 2010 Geocoder RCs (Return Codes) tab,GEO_2010,"Geocoded Data, NHANES 1999-2016, Census 2010",1999,2016,Demographics,RDC Only
RC2KX,Reference Census 2010 Geocoder RCs (Return Codes) tab,GEO_2010,"Geocoded Data, NHANES 1999-2016, Census 2010",1999,2016,Demographics,RDC Only
SEQN,Respondent sequence number.,GEO_2010,"Geocoded Data, NHANES 1999-2016, Census 2010",1999,2016,Demographics,RDC Only
SEQN,Respondent sequence number.,GEO_2010,"Geocoded Data, NHANES 1999-2016, Census 2010",1999,2016,Demographics,RDC Only
STATE2KX,Census 2010 FIPS State Code (2-digit numeric with leading zeros significant),GEO_2010,"Geocoded Data, NHANES 1999-2016, Census 2010",1999,2016,Demographics,RDC Only
STATE2KX,Census 2010 FIPS State Code (2-digit numeric with leading zeros significant),GEO_2010,"Geocoded Data, NHANES 1999-2016, Census 2010",1999,2016,Demographics,RDC Only
STM2KX,Census 2010 Geocoder Street Matcher Return Code,GEO_2010,"Geocoded Data, NHANES 1999-2016, Census 2010",1999,2016,Demographics,RDC Only
STM2KX,Census 2010 Geocoder Street Matcher Return Code,GEO_2010,"Geocoded Data, NHANES 1999-2016, Census 2010",1999,2016,Demographics,RDC Only
TRACT2KX,Census 2010 Tract (contains leader zeros with the decimal point implied),GEO_2010,"Geocoded Data, NHANES 1999-2016, Census 2010",1999,2016,Demographics,RDC Only
TRACT2KX,Census 2010 Tract (contains leader zeros with the decimal point implied),GEO_2010,"Geocoded Data, NHANES 1999-2016, Census 2010",1999,2016,Demographics,RDC Only
UR2KX,"Urban/Rural Indicator (U = Urban, R = Rural, blank = unknown) [TIGER/Line 
RcdType 'S'; UR value]",GEO_2010,"Geocoded Data, NHANES 1999-2016, Census 2010",1999,2016,Demographics,RDC Only
UR2KX,"Urban/Rural Indicator (U = Urban, R = Rural, blank = unknown)[TIGER/Line 
RcdType 'S'; UR value]",GEO_2010,"Geocoded Data, NHANES 1999-2016, Census 2010",1999,2016,Demographics,RDC Only